<?xml version="1.0" encoding="utf-8"?>
<Window size="400,330" caption="0,0,0,32" sizebox="4,4,4,4" defaultfontcolor="#FFE8EAF6">
    <Style imagerectstyle="l,t,w,h" />

    <VerticalLayout bkcolor="#FFE7E7E7" >
        <HorizontalLayout height="40" bkcolor="#FF264EAE" >
            <Label name="title" bkimage="file='snd_mute.png'" width="32" height="32" padding="5,3,0,0" />
            <Control />
            <Button name="closebtn" bkimage="file='close.png'" width="16" height="16" padding="0,8,5,0" />
        </HorizontalLayout>
        <HorizontalLayout height="64" bkcolor="#FF2F65E3">
            <Label text="Volume" font="24" textcolor="#FFFFFFFF" textpadding="10,10,0,0" />
            <Control />
            <Option name="vol_btn" width="60" height="35" padding="0,20,10,0"
                bkimage="file='off.png'" selectedimage="file='on.png'" selected="false" />
        </HorizontalLayout>
        <VerticalLayout height="170" bkimage="color='#FFF0F0F0'" >
            <VerticalLayout   bkimage="file='kb_card.png' corner='24,20,16,16'"  >
            <Slider name="volume_slider" imm="true" min="0" max="100" value="0" padding="15,15,10,5" height="12" thumbsize="12,12" thumbimage="file='thumb.png'" bkimage="file='sliderbk.png'" foreimage="file='sliderfr.png'" />
            <HorizontalLayout height="124" >
            <Control />
            <Label name="vol_value" width="124" text="<b>0<b>" showhtml="true" font="24" align="center"
             textcolor="#FFFFFFFF" bkimage="file='vol_num.png'" />
            <Control />
            </HorizontalLayout>
            </VerticalLayout>
        </VerticalLayout>
         <Control  height="2" padding="5,5,5,0" bkcolor="#FFCCCCCC" />
        <HorizontalLayout>
            <Label height="32" width="32" padding="20,10,0,0" bkimage="file='more.png'" />
             <Button name="sndvol_btn" height="32" textcolor="#FF000000" padding="0,10,0,0"
                text="<b>More Volume Settings<b>" showhtml="true" align="center" />
        </HorizontalLayout>
        <Button name="::closebtn" width="5" height="5" padding="6,0,0,0" />
    </VerticalLayout>
</Window>
