<?xml version="1.0" encoding="utf-8"?>
<ColorTheme>
    <Default shared="true" name="Label" textcolor="#ffffffff" />
    <Default shared="true" name="Button" textcolor="#ffffffff" />
    <Default shared="true" name="CheckBox" textcolor="#ffffffff" />
    <Default shared="true" name="Option" textcolor="#ffffffff" />
    <Style name="ct-bknav" bkcolor="#ff1f1f1f" textcolor="#ffff00ff" />
    <Style name="ct-bkcontent" bkcolor="#ff000000" textcolor="#ffffff00" />
    <Style name="ct-button" textcolor="#FF000000" bkcolor="#ffcccccc" pushedimage="color='#ff666666'" width="100" height="32"
        bordersize="2" bordercolor="#ffcccccc" hotbordercolor="#ff858585" pushedbordercolor="#ff666666" />
    <Style name="ct-combo" bkimage="file='themes\ComboButton-dark.png' corner='2,2,36,2'"
        bordersize="2" bordercolor="#ff666666" focusbordercolor="#ff858585"
        itemselectedtextcolor="#ffffffff" itemselectedbkcolor="#ff000000" itemtextcolor="#ffffffff" itembkcolor="#ff2b2b2b"
        itemhottextcolor="#ffffffff" itemhotbkcolor="#ff404040" />
    <Style name="switch" width="44" height="20" normalimage="file='themes\switch-dark.png' source='0,0,44,20' dest='0,0,44,20'"
        selectedimage="file='themes\switch-dark.png' source='0,20,44,20' dest='0,0,44,20'" />
    <Style name="radio" height="20" align="left" textpadding="25,0,0,0"
        normalimage="file='themes\radio-dark.png' source='0,0,20,20' dest='0,0,20,20'"
        selectedimage="file='themes\radio-dark.png' source='0,20,20,20' dest='0,0,20,20'" />
</ColorTheme>
